Project Name,Subscription,Billing Subscription,Project Created,Description,Client,Volume (GB),All Files Total File Count,All Files Monthly File Count,Total Documents Reviewed,Monthly Documents Reviewed,Third Party Users,Max Raw Entity Count
$#$#$#$@!!)((&amp;^^^#,Data Mining,Data Mining,2023/02/20 07:02 AM,test with special symbol,,0,0,0,0,0,18,0
02Aug check HEIC files ,Data Mining,Data Mining,2024/08/02 05:32 AM,02Aug check HEIC files ,poc,0.19,29,0,5,5,18,0
1,Deleted,Deleted,2021/05/04 04:29 PM,1,,0,0,0,0,0,18,0
1,Data Mining,Data Mining,2022/08/19 06:57 AM,test project description up to 3 lines test project description up to 3 lines test project description up to 3 lines test project description up to 3 lines test project description up to 3 lines test project description up to 3 lines test project description up to 3 lines,poc,0,0,0,0,0,18,0
10M - AU Consolidation stress test ,Data Mining,Data Mining,2022/06/30 06:21 PM,Do not delete or edit !! - chinmaya,,0,0,0,0,0,18,0
10M - CA Consolidation stress test ,Data Mining,Data Mining,2022/06/30 06:17 PM,Do not delete or edit !! - chinmaya,,0,0,0,0,0,18,0
10M - US Consolidation stress test ,Data Mining,Data Mining,2022/06/30 06:15 PM,Do not delete or edit !! - chinmaya,,0,0,0,0,0,18,0
11,Data Mining,Data Mining,2022/10/17 11:14 AM,1,,0,0,0,0,0,18,0
111,Deleted,Deleted,2021/05/04 07:18 AM,111,,0,0,0,0,0,18,0
12,Data Mining,Data Mining,2022/09/21 10:05 AM,,,0,0,0,0,0,18,0
1M - AU Consolidation stress test ,Data Mining,Data Mining,2022/06/30 06:30 PM,Do not delete or edit !! - chinmaya,,0,0,0,0,0,18,0
1M - CA Consolidation stress test ,Data Mining,Data Mining,2022/06/30 06:32 PM,Do not delete or edit !! - chinmaya,,0,0,0,0,0,18,0
1M - US Consolidation stress test ,Data Mining,Data Mining,2022/06/30 06:34 PM,Do not delete or edit !! - chinmaya,,0,0,0,0,0,18,0
1M entities,Data Mining,Data Mining,2023/06/07 11:20 AM,,,0,0,0,0,0,18,0
1Processing template,Data Mining,Data Mining,2022/11/07 07:37 AM,,,0,0,0,0,0,18,0
20M - AU Consolidation stress test ,Data Mining,Data Mining,2022/06/30 11:53 PM,Do not delete or edit !! - chinmaya,,0,0,0,0,0,18,0
20M - CA Consolidation stress test ,Data Mining,Data Mining,2022/06/30 11:41 PM,Do not delete or edit !! - chinmaya,,0,0,0,0,0,18,0
20M - US Consolidation stress test ,Data Mining,Data Mining,2022/06/30 11:07 PM,Do not delete or edit !! - chinmaya,,0,0,0,0,0,18,0
30th March LOADFILE PROJECT,Deleted,Deleted,2021/03/30 08:52 AM,,,0,0,0,0,0,18,0
3133 load file large text,Data Mining,Data Mining,2022/06/21 06:05 AM,3133 load file large text,,0,0,0,0,0,18,0
3438 and 397  ,Data Mining,Data Mining,2022/06/17 10:48 AM,3438 and 397 ,,0,0,0,0,0,18,0
365,Deleted,Deleted,2021/03/09 09:18 AM,,,0,0,0,0,0,18,0
365,Data Mining,Data Mining,2022/10/13 10:29 AM,,,0,0,0,0,0,18,0
3903,Data Mining,Data Mining,2022/09/20 07:44 AM,,,0,0,0,0,0,18,0
3970 dedupe,Data Mining,Data Mining,2022/10/17 10:42 AM,,,0,0,0,0,0,18,0
3970 dedupe off,Data Mining,Data Mining,2022/10/18 06:26 AM,,,0,0,0,0,0,18,0
4001,Data Mining,Data Mining,2023/07/20 06:30 AM,,,0,10,0,0,0,18,0
4009 testing data,Data Mining,Data Mining,2022/09/21 09:05 AM,,,0,0,0,0,0,18,0
4019_withbody,Data Mining,Data Mining,2022/12/29 08:23 AM,,,0,2,0,0,0,18,0
4019_withoutbody,Data Mining,Data Mining,2022/12/29 08:30 AM,,,0,0,0,0,0,18,0
4190,Data Mining,Data Mining,2022/11/02 11:38 AM,4190,,0,0,0,0,0,18,0
4444,Data Mining,Data Mining,2022/11/16 06:37 AM,l,,0,0,0,0,0,18,0
4936,Data Mining,Data Mining,2023/05/05 12:54 PM,,,0,150,0,0,0,18,0
50k_entity,Data Mining,Data Mining,2021/09/21 06:14 AM,,,0.07,56,0,10,10,18,1
5216 dedupe off,Data Mining,Data Mining,2023/05/16 10:04 AM,,,0.01,56,0,0,0,18,0
5k docs 5 thousand(Dont delete),Data Mining,Data Mining,2022/02/15 05:47 PM,5k docs,poc,0,0,0,0,0,18,0
5M - AU Consolidation stress test ,Data Mining,Data Mining,2022/06/27 05:47 AM,Do not delete or edit !! - chinmaya,,0,0,0,0,0,18,0
5M - CA Consolidation stress test ,Data Mining,Data Mining,2022/06/27 05:37 AM,Do not delete or edit !! - chinmaya,,0,0,0,0,0,18,0
5M - US Consolidation stress test ,Data Mining,Data Mining,2022/06/27 05:31 AM,Do not delete or edit !! - chinmaya,,0,0,0,0,0,18,0
5m entities ,Data Mining,Data Mining,2023/08/04 10:01 AM,,,0.77,13,0,2,2,18,0
6272 sharefile,Data Mining,Data Mining,2023/08/22 12:27 PM,,,0.02,10146,0,0,0,18,0
7332,Data Mining,Data Mining,2024/01/12 05:53 AM,,,0.03,163,0,0,0,18,0
@Long thread 07012020 (Done delete),Data Mining,Data Mining,2021/01/07 05:20 AM,@Long thread 07012020,poc,0,0,0,0,0,18,0
@new project doclist issue,Deleted,Deleted,2021/01/08 06:49 AM,@new project doclist issue,poc,0,0,0,0,0,18,0
@thread  16012021,Deleted,Deleted,2021/01/16 11:20 AM,@thread  16012021,poc,0,0,0,0,0,18,0
@thread+pii inclusive email (Dont delete),Data Mining,Data Mining,2022/01/14 08:32 AM,latest thread inclusive email,poc,0.01,51,0,0,0,18,0
a,Data Mining,Data Mining,2023/01/17 11:44 AM,,,0,0,0,0,0,18,0
a,Deleted,Deleted,2019/07/15 10:47 AM,a,,0,0,0,0,0,18,0
A A  t,Data Mining,Data Mining,2023/02/20 09:23 AM,,,0,0,0,0,0,18,0
abc ,Data Mining,Data Mining,2024/03/29 12:22 PM,,,0,0,0,0,0,18,0
AccessDB (Dont delete),Data Mining,Data Mining,2022/05/16 12:50 PM,AccessDB,poc,0,2,2,0,0,18,0
Activity History Index Test,Data Mining,Data Mining,2022/10/06 09:47 AM,,,0,0,0,0,0,18,0
Activity_History+Consolidation_Blank_Rohit (Don't delete) shrutika,Data Mining,Data Mining,2022/01/27 06:29 AM,Dont use,,0,0,0,0,0,18,0
add,Data Mining,Data Mining,2022/10/23 05:28 AM,,,0,0,0,0,0,18,0
AddedDate mapping,Data Mining,Data Mining,2023/04/14 11:03 AM,"test update and create and meta filed
",,0,0,0,0,0,18,0
All duplicates_propagation,Data Mining,Data Mining,2023/02/21 11:59 AM,,,0,0,0,0,0,18,0
all file types 5 lac characters (Dont delete),Data Mining,Data Mining,2021/09/30 08:41 AM,all file types 5 lac characters (Dont delete),poc,0,0,0,0,0,18,0
all file types pro,Data Mining,Data Mining,2022/08/03 07:19 AM,all file types pro,poc,0,0,0,0,0,18,0
all other files project ,Data Mining,Data Mining,2024/08/21 08:32 AM,all other files project ,poc,0,0,0,0,0,18,0
All regions (Dont delete),Data Mining,Data Mining,2021/07/29 07:06 AM,All regions (Dont delete),poc,0,388,0,3,3,18,0
"All system fields""(Highlighted PII elmenst) (don;t delete) shrutika",Data Mining,Data Mining,2022/05/26 05:23 AM,,,0.02,1789,0,12,12,18,0
all_pii,Data Mining,Data Mining,2024/07/30 12:15 PM,all_pii,,0.05,250,0,0,0,18,0
all_pii_1,Data Mining,Data Mining,2024/07/31 07:58 AM,all_pii_1,,0.05,250,0,0,0,18,0
all_pii_2,Data Mining,Data Mining,2024/07/31 10:06 AM,all_pii_2,,0.05,250,0,0,0,18,0
Apple Files 12Sep,Data Mining,Data Mining,2024/09/12 01:24 PM,Apple Files 12Sep,poc,0.01,66,66,0,0,18,14
Apple files 30Aug,Data Mining,Data Mining,2024/08/30 06:13 AM,Apple files 30Aug,poc,0.01,82,0,0,0,18,100100
Apple test file 2,Data Mining,Data Mining,2024/08/26 06:20 AM,Apple test file 2,poc,0.01,14,0,0,0,18,0
Apple test Files ,Data Mining,Data Mining,2024/08/23 06:38 AM,Apple test Files ,poc,0.01,23,0,0,0,18,0
applefiles_after_29,Data Mining,Data Mining,2024/08/29 07:49 PM,,,0.01,53,0,0,0,18,0
applefiles_sena_26,Data Mining,Data Mining,2024/08/26 02:41 PM,,,0.01,63,0,0,0,18,0
Apples files 27Aug 1,Data Mining,Data Mining,2024/08/27 04:34 AM,Apples files 27Aug 1,poc,0.03,45,0,0,0,18,11607
as1,Data Mining,Data Mining,2022/08/16 10:56 AM,,,0,0,0,0,0,18,0
Assigned users,Data Mining,Data Mining,2023/02/22 12:52 PM,,,0,0,0,0,0,18,0
associate options,Data Mining,Data Mining,2022/04/18 07:47 AM,,,0,0,0,0,0,18,0
associated entities  test 1 (Digambar),Data Mining,Data Mining,2022/09/19 02:54 PM,,,0,0,0,0,0,18,0
Associated Entity- Shrutika,Data Mining,Data Mining,2022/09/12 10:35 AM,,,0,0,0,0,0,18,0
AUTemplate,Deleted,Deleted,2021/03/11 07:14 AM,,,0,0,0,0,0,18,0
Auto Map Column Project,Data Mining,Data Mining,2024/06/20 10:54 AM,Auto Map Column Project,poc,0.03,11,0,0,0,18,0
Auto suggestion (Dont Delete),Data Mining,Data Mining,2021/10/28 05:28 AM,,,0,19,0,0,0,19,0
autoPropagate- dont delete,Data Mining,Data Mining,2022/11/28 10:45 AM,chinmaya,,0,0,0,0,0,18,0
awz,Deleted,Deleted,2021/04/02 11:00 AM,awz,,0,0,0,0,0,18,0
Bad Project Shell A,Data Mining,Data Mining,2024/06/24 01:29 PM,,,0,0,0,0,0,18,0
Bad Project Shell B,Data Mining,Data Mining,2024/06/24 11:30 PM,,,0,0,0,0,0,18,0
Bad Project Shell C,Data Mining,Data Mining,2024/06/23 08:47 PM,,,7.21,87035,0,0,0,18,0
Batching @ishwari,Data Mining,Data Mining,2021/08/19 11:22 AM,,,0,0,0,0,0,18,0
Batching check not reportable cypress automation,Data Mining,Data Mining,2023/11/21 10:44 AM,cypress automation,Client,0,5,0,3,3,18,0
batching restrictions disabled (dont delete),Data Mining,Data Mining,2022/11/07 07:38 AM,Cypress project with batching restrictions are disabled (dont delete),poc,0.15,8,0,0,0,18,0
bigzip,Data Mining,Data Mining,2023/02/14 07:54 AM,bigzip,,0,0,0,0,0,18,0
blank cust(don't delete) Shrutika,Data Mining,Data Mining,2022/06/07 08:15 AM,blank cust,,0.09,1042,0,4,4,18,0
body1,Data Mining,Data Mining,2022/12/30 04:44 AM,body1,,0,0,0,0,0,18,0
Breach Phishing 1,Data Mining,Data Mining,2023/07/20 11:11 AM,,,0,0,0,0,0,18,0
Bulk Entities Edit (Don't Delete),Data Mining,Data Mining,2022/12/06 05:48 AM,500K entities bulk edit,poc,0.07,25,0,6,6,18,0
canada 20042021,Deleted,Deleted,2021/04/20 02:09 PM,canada 20042021,poc,0,0,0,0,0,18,0
CanopyTester11Feb2022 (Do not use),Data Mining,Data Mining,2022/03/16 06:05 AM,,,0,0,0,0,0,18,0
CanopyTesterGDrive (Do not use),Data Mining,Data Mining,2022/03/16 06:01 AM,,,0,0,0,0,0,18,0
Case Creation Rabbit,Data Mining,Data Mining,2023/12/18 11:59 AM,test,,0,0,0,0,0,18,0
cehcekqueuecreateion,Deleted,Deleted,2021/05/24 12:18 PM,cehcekqueuecreateion,,0,0,0,0,0,18,0
checck2,Deleted,Deleted,2021/03/28 04:05 PM,checck2,,0,0,0,0,0,18,0
Check Diacritics,Data Mining,Data Mining,2023/08/31 08:43 PM,,,0,0,0,0,0,18,0
check processing sub template @tt,Data Mining,Data Mining,2021/12/13 07:28 AM,check processing sub template @tt,TT,0,0,0,0,0,18,0
check3,Deleted,Deleted,2021/03/28 04:54 PM,check3,,0,0,0,0,0,18,0
check_pii1,Data Mining,Data Mining,2024/08/05 06:55 AM,check_pii1,,0,2,0,0,0,18,0
check_pii2,Data Mining,Data Mining,2024/08/06 09:05 AM,check_pii2,,0,2,0,0,0,18,0
check_pii_issue,Data Mining,Data Mining,2024/06/27 08:45 AM,check_pii_issue,,0,10,0,0,0,18,0
check_pii_issue_1,Data Mining,Data Mining,2024/06/27 10:50 AM,check_pii_issue_1,,0,10,0,0,0,18,0
checkbox issue check,Data Mining,Data Mining,2022/07/04 12:02 PM,,,0,0,0,0,0,18,0
checkcecece,Data Mining,Data Mining,2022/12/07 07:26 AM,checkcecece,,0,0,0,0,0,18,0
Checkfor Mapping,Data Mining,Data Mining,2022/07/21 01:50 PM,test,,0,0,0,0,0,18,0
CheckForDyanmo,Data Mining,Data Mining,2022/07/22 07:11 AM,test,,0,0,0,0,0,18,0
checkmongocoll,Data Mining,Data Mining,2024/06/26 02:22 PM,checkmongocoll,,0,0,0,0,0,18,0
chinese,Data Mining,Data Mining,2022/07/25 09:37 AM,chinese,poc,0,0,0,0,0,18,0
chinese 1,Data Mining,Data Mining,2022/07/25 11:34 AM,chinese 1,poc,0,0,0,0,0,18,0
Chinmay_Propagation,Data Mining,Data Mining,2023/02/21 06:35 AM,,,0,0,0,0,0,18,0
Clustered-entities-Neeraja,Data Mining,Data Mining,2024/04/23 09:27 AM,abc,xyz,0.77,13,0,0,0,18,0
Common Q project,Data Mining,Data Mining,2023/12/18 12:08 PM,test,,0,0,0,0,0,18,0
CommonQ,Data Mining,Data Mining,2023/12/18 12:10 PM,,,0,0,0,0,0,18,0
CommonQ1,Notification,Notification,2023/12/18 12:20 PM,test,,0,0,0,0,0,18,0
Consolidation improvements- shrutika,Data Mining,Data Mining,2024/05/22 12:46 PM,,,7.45,515,0,17,17,18,0
consolidation rule test,Data Mining,Data Mining,2023/01/16 07:59 AM,,,0,0,0,0,0,18,0
Consolidation Test,Data Mining,Data Mining,2022/10/03 10:21 AM,Consolidation,poc,0,0,0,0,0,18,0
Consolidation2- improvements-Shrutika2,Data Mining,Data Mining,2024/05/27 06:26 AM,,,7.41,515,0,0,0,18,0
corrupted files,Data Mining,Data Mining,2023/06/19 12:56 PM,,,0.05,61,0,0,0,18,0
corrupted files for failed reupload (Dont use) (don;t delete) shrutika,Data Mining,Data Mining,2022/04/19 11:46 AM,corrupted files for failed reupload,poc,0,0,0,0,0,18,0
cpy_test,Data Mining,Data Mining,2022/07/19 08:32 AM,,,0,0,0,0,0,18,0
create old project ,Data Mining,Data Mining,2023/09/02 07:42 AM,,,0,0,0,0,0,18,0
Custodian,Data Mining,Data Mining,2023/01/25 09:48 AM,,,0,0,0,0,0,18,0
Custodian check,Data Mining,Data Mining,2022/06/22 05:12 AM,,,0,0,0,0,0,18,0
CustodianIndexCreated,Data Mining,Data Mining,2023/04/15 01:11 PM,CustodianIndexCreated : Custodina index create for entity and master collection on case creation ,,0.01,3,0,0,0,18,0
custom detected pii elements (dont delete),Data Mining,Data Mining,2023/01/02 06:28 AM,custom detected pii elements (dont delete) this project is used for automation using cypress,poc,0,0,0,0,0,18,0
custom detected pii elements cypress,Data Mining,Data Mining,2023/09/21 09:19 AM,custom detected pii elements - do not delete/edit - cypress automation,poc,0,7,0,2,2,18,0
custom rule project 27-11-2023,Data Mining,Data Mining,2023/11/27 06:40 AM,custom rule project 27-11-2023,poc,0,7,0,0,0,18,0
custom sub temp 06-01-22 @tt,Data Mining,Data Mining,2022/01/06 09:46 AM,custom sub temp 06-01-22 @tt,TT,0,0,0,0,0,18,0
Cypress - Dont use this1f8ym,Data Mining,Data Mining,2024/01/12 08:06 AM,Cypress project,poc,0,0,0,0,0,18,0
Cypress - Dont use this2rt0a,Data Mining,Data Mining,2024/01/11 11:52 AM,Cypress project,poc,0,0,0,0,0,18,0
Cypress - Dont use this94weu,Data Mining,Data Mining,2024/01/11 11:47 AM,Cypress project,poc,0,0,0,0,0,18,0
Cypress - Dont use thisczqbn,Data Mining,Data Mining,2023/12/29 09:28 AM,Cypress project,poc,0,0,0,0,0,18,0
Cypress - Dont use thise59fvg,Data Mining,Data Mining,2024/01/12 08:10 AM,Cypress project,poc,0.08,2,0,0,0,18,0
Cypress - Dont use thiselu67f,Data Mining,Data Mining,2024/01/12 08:00 AM,Cypress project,poc,0,0,0,0,0,18,0
Cypress - Dont use thisl52wa,Data Mining,Data Mining,2024/01/11 11:44 AM,Cypress project,poc,0,0,0,0,0,18,0
Cypress - Dont use thism5qr8,Data Mining,Data Mining,2024/01/11 11:54 AM,Cypress project,poc,0,0,0,0,0,18,0
Cypress - Dont use thisma0ank,Data Mining,Data Mining,2024/01/12 08:03 AM,Cypress project,poc,0,0,0,0,0,18,0
Cypress - Dont use thisn5jsz,Data Mining,Data Mining,2024/01/12 07:59 AM,Cypress project,poc,0.08,2,0,0,0,18,0
Cypress - Dont use thispekr3,Data Mining,Data Mining,2023/12/29 09:29 AM,Cypress project,poc,0,0,0,0,0,18,0
Cypress - Dont use thispjxy1,Data Mining,Data Mining,2023/12/29 09:32 AM,Cypress project,poc,0,0,0,0,0,18,0
Cypress - Dont use thisps81s,Data Mining,Data Mining,2023/12/29 09:27 AM,Cypress project,poc,0,0,0,0,0,18,0
Cypress - Dont use thisq3jum,Data Mining,Data Mining,2024/01/11 11:49 AM,Cypress project,poc,0,0,0,0,0,18,0
Cypress - Dont use thisxuqk6,Data Mining,Data Mining,2023/12/29 09:26 AM,Cypress project,poc,0,0,0,0,0,18,0
Cypress - Dont use thisz4yrl,Data Mining,Data Mining,2024/01/25 02:33 PM,Cypress project,poc,0,0,0,0,0,18,0
cypress all file types project (dont delete),Data Mining,Data Mining,2022/12/12 05:59 AM,Cypress project used for automation (dont delete) (dont use),poc,0,0,0,0,0,18,0
cypress all file types project5wdhtEdit Project Check Cypress - Dont use this 43wxgk,Data Mining,Data Mining,2024/04/10 07:05 AM,Cypress project - this project is used for cypress automation - Dont use this - Dont delete 43wxgk,poc43wxgk,0,0,0,0,0,18,0
cypress all file types project9pc5i,Data Mining,Data Mining,2024/03/12 01:55 PM,Cypress project,poc,0,0,0,0,0,18,0
cypress all file types projectcn88c,Data Mining,Data Mining,2023/12/29 10:03 AM,Cypress project,poc,0,0,0,0,0,18,0
cypress all file types projectcplcbi,Data Mining,Data Mining,2024/04/12 11:59 AM,Cypress project,poc,0,0,0,0,0,18,0
cypress all file types projectcwrp,Data Mining,Data Mining,2024/05/07 04:28 AM,Cypress project,poc,0,0,0,0,0,18,0
cypress all file types projectin07l,Data Mining,Data Mining,2024/02/29 08:00 AM,Cypress project,poc,0,0,0,0,0,18,0
cypress all file types projectsgv3jf,Data Mining,Data Mining,2024/01/02 11:10 AM,Cypress project,poc,0,0,0,0,0,18,0
cypress automation ( Dont use this ),Data Mining,Data Mining,2021/10/03 07:17 AM,cypress automation ( Dont delete),poc,0.01,55,0,0,0,19,0
Cypress tiff project (dont delete),Data Mining,Data Mining,2022/12/12 10:48 AM,Cypress tiff project - is used for automation (dont delete) (dont use),poc,0.3,10,0,0,0,18,11608
cypress tiff projecte4ixm,Data Mining,Data Mining,2022/11/07 11:01 AM,Cypress project,poc,0,0,0,0,0,18,0
Cypress(Dont use this),Data Mining,Data Mining,2022/10/18 12:44 PM,Cypress project,poc,0,0,0,0,0,18,0
Cypress(Dont use this),Data Mining,Data Mining,2021/09/13 09:16 AM,Cypress project this is used for cypress automation (Dont use this) (Dont delete),poc,0,0,0,0,0,18,0
Cypress(Dont use this),Data Mining,Data Mining,2021/09/15 01:17 PM,Cypress project,poc,0,0,0,0,0,18,0
Cypress-Editme2el2c,Archived,Archived,2023/12/11 06:38 AM,Cypress projecteditme,poceditme,0,0,0,0,0,18,0
Cypress-Editme3ju5n,Archived,Archived,2023/12/08 01:03 PM,Cypress projecteditme,poceditme,0,0,0,0,0,18,0
Cypress-Editme6iqhnk,Data Mining,Data Mining,2023/12/13 01:45 PM,Cypress projecteditme,poceditme,0,0,0,0,0,18,0
Cypress-Editme8ywzj Cypress - Dont use this 3vhnf,Notification,Notification,2023/12/29 08:03 AM,Cypress project - this project is used for cypress automation - Dont use this - Dont delete 3vhnf,poc3vhnf,0,0,0,0,0,18,0
Cypress-Editmeavtou,Archived,Archived,2023/12/08 01:40 PM,Cypress projecteditme,poceditme,0,0,0,0,0,18,0
Cypress-Editmedm17f,Archived,Archived,2023/12/07 07:07 AM,Cypress projecteditme,poceditme,0,0,0,0,0,18,0
Cypress-Editmeetvxw,Archived,Archived,2023/12/11 07:55 AM,Cypress projecteditme,poceditme,0,0,0,0,0,18,0
Cypress-Editmefq09hg,Data Mining,Data Mining,2023/12/11 09:02 AM,Cypress projecteditme,poceditme,0,0,0,0,0,18,0
Cypress-Editmeprh4il,Archived,Archived,2023/11/28 12:59 PM,Cypress projecteditme,poceditme,0,0,0,0,0,18,0
Cypress-Editmeyizpn,Data Mining,Data Mining,2023/12/29 08:03 AM,Cypress projecteditme,poceditme,0,0,0,0,0,18,0
cypressproject0tubu,Data Mining,Data Mining,2024/01/08 01:23 PM,cypress project,poc,0,0,0,0,0,18,0
cypressproject0tubu,Data Mining,Data Mining,2024/01/08 01:23 PM,cypress project,poc,0,0,0,0,0,18,0
cypressproject32tvd,Data Mining,Data Mining,2024/01/12 08:27 AM,cypress project,poc,0,0,0,0,0,18,0
cypressproject3utjoress - Dont use this ma3e,Data Mining,Data Mining,2024/01/12 02:31 PM,Cypress project - this project is used for cypress automation - Dont use this - Dont delete ma3e,pocma3e,0,0,0,0,0,18,0
cypressproject4fgml,Data Mining,Data Mining,2024/01/03 03:47 PM,cypress project,poc,0,0,0,0,0,18,0
cypressproject5st3p,Data Mining,Data Mining,2024/01/12 10:09 AM,cypress project,poc,0,0,0,0,0,18,0
cypressproject77jbh,Data Mining,Data Mining,2024/01/12 08:28 AM,cypress project,poc,0,0,0,0,0,18,0
cypressproject81b32,Data Mining,Data Mining,2024/01/11 03:45 PM,cypress project,poc,0,0,0,0,0,18,0
cypressproject913js,Data Mining,Data Mining,2024/01/11 05:31 AM,cypress project,poc,0,0,0,0,0,18,0
cypressproject94x6o,Data Mining,Data Mining,2024/02/16 11:52 AM,cypress project,poc,0,0,0,0,0,18,0
cypressprojectbdv2z,Data Mining,Data Mining,2024/01/11 09:11 AM,cypress project,poc,0,0,0,0,0,18,0
cypressprojectbqkau,Data Mining,Data Mining,2024/01/12 09:14 AM,cypress project,poc,0,0,0,0,0,18,0
cypressprojectcgczy,Data Mining,Data Mining,2024/02/13 05:52 PM,cypress project,poc,0,0,0,0,0,18,0
cypressprojectlc4cbg,Data Mining,Data Mining,2024/01/04 08:29 AM,cypress project,poc,0,0,0,0,0,18,0
cypressprojectro6xh,Data Mining,Data Mining,2024/01/04 08:18 AM,cypress project,poc,0,0,0,0,0,18,0
cypressprojectt5krx,Data Mining,Data Mining,2023/12/27 08:42 AM,cypress project,poc,0,0,0,0,0,18,0
cypressprojectu0b7g,Data Mining,Data Mining,2024/01/12 11:08 AM,cypress project,poc,0,0,0,0,0,18,0
cypressprojectvievt,Data Mining,Data Mining,2024/01/03 03:20 PM,cypress project,poc,0,0,0,0,0,18,0
cypressprojectxd1i5,Data Mining,Data Mining,2024/01/08 10:01 AM,cypress project,poc,0,0,0,0,0,18,0
cypressprojectxd1i5,Data Mining,Data Mining,2024/01/08 10:01 AM,cypress project,poc,0,0,0,0,0,18,0
cypressprojectxxisk,Data Mining,Data Mining,2024/01/08 10:53 AM,cypress project,poc,0,0,0,0,0,18,0
cypressprojectxxisk,Data Mining,Data Mining,2024/01/08 10:53 AM,cypress project,poc,0,0,0,0,0,18,0
cypressprojectykkr1,Data Mining,Data Mining,2024/01/12 01:49 PM,cypress project,poc,0,0,0,0,0,18,0
d,Data Mining,Data Mining,2023/01/12 10:23 AM,,,0,0,0,0,0,18,0
d1,Data Mining,Data Mining,2022/08/04 06:15 AM,test,test,0,0,0,0,0,18,0
DatabaseFileCreate_New,Data Mining,Data Mining,2022/12/12 10:11 AM,DatabaseFileCreate12,,0,0,0,0,0,18,0
DatabaseSampingDryTest,Data Mining,Data Mining,2022/12/12 10:00 AM,DatabaseSampingDryTest,,0,0,0,0,0,18,0
DATAGRID,Data Mining,Data Mining,2023/06/08 10:49 AM,,,0.45,2483,0,30,30,18,0
Date format DBR-3817 ,Data Mining,Data Mining,2022/09/13 07:05 AM,Date format DBR-3817 ,poc,0,0,0,0,0,18,0
datebase test2,Data Mining,Data Mining,2022/12/12 11:40 AM,datebase test2,,0,0,0,0,0,18,0
db files,Data Mining,Data Mining,2023/06/27 01:50 PM,db files,,0.02,8,0,8,8,18,0
db test,Data Mining,Data Mining,2022/12/12 08:20 AM,,,0,0,0,0,0,18,0
DB_Schema_Path,Data Mining,Data Mining,2023/06/27 02:07 PM,DB_Schema_Path,,0,0,0,0,0,18,0
DBName,Data Mining,Data Mining,2022/11/28 07:59 AM,Test,test,0,0,0,0,0,18,0
DBR-263,Data Mining,Data Mining,2022/07/08 10:58 AM,DBR-263,poc,0,0,0,0,0,18,0
DBR-2772- Shrutika,Data Mining,Data Mining,2022/06/28 08:30 AM,,,0,0,0,0,0,18,0
DBR-2876 large excel,Data Mining,Data Mining,2022/06/17 01:06 PM,DBR-2876 large excel,POC,0,0,0,0,0,18,0
DBR-3078 (Don't Delete),Data Mining,Data Mining,2022/05/19 08:06 AM,,,0,0,0,0,0,18,0
DBR-3638_AfterFix,Data Mining,Data Mining,2023/01/20 12:06 PM,DBR-3638_AfterFix,,0,0,0,0,0,18,0
"DBR-3686_VDI, VMDK, VHD",Data Mining,Data Mining,2023/01/20 09:16 AM,"DBR-3686_VDI, VMDK, VHD",,0,0,0,0,0,18,0
DBR-3951,Data Mining,Data Mining,2023/01/13 12:29 PM,,,0,0,0,0,0,18,0
DBR-3962,Data Mining,Data Mining,2022/10/03 12:22 PM,,,0,0,0,0,0,18,0
DBR-4013_Support extraction of files with names longer than 256 characters,Data Mining,Data Mining,2023/11/30 10:49 AM,DBR-4013_Support extraction of files with names longer than 256 characters,Rajesh,0,2,0,0,0,18,0
DBR-4046 Test,Data Mining,Data Mining,2022/11/16 05:11 AM,A project to test the various consolidation settings,Canopy,0,0,0,0,0,18,0
DBR-4133_Back Button Not Working on Upload and Processing Page,Data Mining,Data Mining,2023/07/13 08:12 AM,DBR-4133_Back Button Not Working on Upload and Processing Page,,0,1,0,0,0,18,0
DBR-4800 refactor pii detection,Data Mining,Data Mining,2024/07/09 11:13 AM,DBR-4800 refactor pii detection,poc,0.08,378,0,3,3,18,0
DBR-4936-1,Data Mining,Data Mining,2023/06/27 10:07 AM,,,0,150,0,0,0,18,0
dbr-4972,Data Mining,Data Mining,2023/03/14 07:47 AM,,,0,0,0,0,0,18,0
DBR-5777 AccessDB ER,Data Mining,Data Mining,2023/10/13 12:21 PM,DBR-5777 AccessDB ER,poc,0.01,3,0,0,0,18,0
DBR-5949,Data Mining,Data Mining,2023/07/13 11:13 AM,"AU  - Issue with Native file, .EML shown as "".FID26226]"" ",,0,8,0,0,0,18,0
DBR-6143,Data Mining,Data Mining,2023/08/21 05:51 AM,,,0,266,0,0,0,18,0
DBR-8490 heic n heif fields,Data Mining,Data Mining,2024/07/10 06:05 AM,DBR-8490 heic n heif fields,poc,0.19,53,0,0,0,18,0
DBR-8604,Data Mining,Data Mining,2024/06/18 01:49 PM,,,0.02,86,0,0,0,18,0
dedup 10,Deleted,Deleted,2021/03/20 09:17 PM,,,0,0,0,0,0,18,0
dedupe emails,Data Mining,Data Mining,2022/11/01 09:46 AM,,,0,0,0,0,0,18,0
dedupe off,Data Mining,Data Mining,2022/10/22 06:58 AM,tets,test,0,0,0,0,0,18,0
dedupe off 4120,Data Mining,Data Mining,2023/07/19 08:01 AM,,,0.31,32,0,0,0,18,0
Delete container ch3ck,Data Mining,Data Mining,2022/09/12 08:56 AM,,,0,0,0,0,0,18,0
delete prop issue check,Data Mining,Data Mining,2023/02/22 02:04 PM,,,0,0,0,0,0,18,0
delete prop issue2,Data Mining,Data Mining,2023/02/22 02:07 PM,,,0,0,0,0,0,18,0
demo,Data Mining,Data Mining,2024/09/02 04:23 AM,demo - desc,demo@123,0.88,5466,5466,0,0,18,0
Demo April 4,Deleted,Deleted,2019/04/04 06:19 PM,Demo April 4,,0,0,0,0,0,18,0
demo proj,Data Mining,Data Mining,2023/06/27 10:14 AM,,,0.05,3260,0,12,12,18,0
Demo-forms,Data Mining,Data Mining,2024/09/02 10:28 AM,description,demo,2.67,18123,18123,0,0,18,0
deNIST Upload Cypress (dont delete),Data Mining,Data Mining,2022/04/26 08:50 AM,deNIST Upload Cypress (dont delete),POC,0,0,0,0,0,18,0
deNIST Upload Files Not Skipped (dont delete),Data Mining,Data Mining,2022/04/26 11:04 AM,deNIST Upload Files Not Skipped (dont delete),POC,0,0,0,0,0,18,0
dicom1,Data Mining,Data Mining,2024/04/12 10:28 AM,dicom1,,0.1,30,0,10,10,18,0
Dicom_dig,Data Mining,Data Mining,2024/06/05 07:24 AM,,,0.27,35,0,0,0,18,0
dicom_p1,Data Mining,Data Mining,2024/06/11 10:08 AM,dicom_p1,,0.01,2,0,0,0,18,0
DO NOT DELETE_Entity propagation _Bulk 1,Data Mining,Data Mining,2023/03/28 06:39 AM,,,1.03,301174,0,0,0,18,0
DO NOT DELETE_Entity propagation _Bulk 2,Data Mining,Data Mining,2023/03/28 06:43 AM,,,0.03,47,0,0,0,18,0
DO NOT USE_Entity prop _review metrics,Data Mining,Data Mining,2023/02/09 11:05 AM,,,0,0,0,0,0,18,0
DOB Files (Don't Delete),Data Mining,Data Mining,2022/01/12 07:43 AM,DOB Files (Don't Delete),TT,0,0,0,0,0,18,0
doc test,Data Mining,Data Mining,2022/12/08 11:04 AM,,,0,0,0,0,0,18,0
Duplicate custodian (Dont delete),Data Mining,Data Mining,2022/01/21 01:17 PM,Duplicate custodian (Dont delete),poc,0,0,0,0,0,18,0
Duplicate Documents (Don't Delete),Data Mining,Data Mining,2022/11/18 09:50 AM,copy entities to exact duplicate documents,poc,0.01,404,0,0,0,18,0
duplicate emails files new( do not delete),Data Mining,Data Mining,2022/06/02 05:56 AM,duplicate files new,poc,0.03,109,0,0,0,18,0
Duplicate entity prop,Data Mining,Data Mining,2023/02/16 09:36 AM,,,0,0,0,0,0,18,0
Duplicate files upload (dont delete),Data Mining,Data Mining,2022/10/18 06:29 AM,Duplicate files upload used for automation (dont delete),poc,0,0,0,0,0,18,0
Duplicate MD5 hash  (Dont delete),Data Mining,Data Mining,2020/12/22 08:19 AM,Duplicate MD5 hash,poc,0,54,0,0,0,18,0
dxf11,Data Mining,Data Mining,2022/05/31 01:00 PM,dxf1,,0,0,0,0,0,18,0
dynamicscript1,Data Mining,Data Mining,2022/06/23 11:19 AM,dynamicscript1,,0,0,0,0,0,18,0
dynamo1,Data Mining,Data Mining,2022/10/13 09:09 AM,dynamo1,,0,0,0,0,0,18,0
dynamo2,Data Mining,Data Mining,2022/10/13 11:32 AM,dynamo2,,0,0,0,0,0,18,0
dynamo3,Data Mining,Data Mining,2022/10/14 08:41 AM,dynamo3,,0,0,0,0,0,18,0
Dynamo_Test,Data Mining,Data Mining,2022/10/13 11:59 AM,Dynamo_Test,,0,0,0,0,0,18,0
Edit Project Check Cypress,Data Mining,Data Mining,2021/09/07 07:52 AM,Cypress project - this project is used for cypress automation - Dont use this - Dont delete,pocfubb9f,0,0,0,0,0,18,0
Edit Project Check Cypress - Dont use this 7r3yf,Notification,Notification,2023/12/20 09:03 AM,Cypress project - this project is used for cypress automation - Dont use this - Dont delete 7r3yf,poc7r3yf,0.61,9,0,0,0,18,0
Edit Project Check Cypress - Dont use this 9784b,Data Mining,Data Mining,2024/02/19 06:25 PM,Cypress project - this project is used for cypress automation - Dont use this - Dont delete 9784b,poc9784b,0,0,0,0,0,18,0
Edit Project Check Cypress - Dont use this fkxwt,Data Mining,Data Mining,2024/04/16 12:19 PM,Cypress project - this project is used for cypress automation - Dont use this - Dont delete fkxwt,pocfkxwt,8.6,4,0,0,0,18,0
Edit Project Check Cypress - Dont use this jncbv,Data Mining,Data Mining,2023/04/26 01:41 PM,Cypress project - this project is used for cypress automation - Dont use this - Dont delete jncbv,pocjncbv,0,0,0,0,0,18,0
Edit Project Check Cypress - Dont use this rvklzdit Project Check Cypress - Dont use this xkcpjEdit Project Check Cypress - Dont use this v6s28,Data Mining,Data Mining,2024/04/24 09:57 AM,Cypress project - this project is used for cypress automation - Dont use this - Dont delete v6s28,pocv6s28,0,0,0,0,0,18,0
email dedup 1,Deleted,Deleted,2021/03/16 01:29 PM,email dedup 1,poc,0,0,0,0,0,18,0
Email Deduplication _ 20042021,Deleted,Deleted,2021/04/20 08:44 AM,Email Deduplication _ 20042021,abc,0,0,0,0,0,18,0
Email Deduplication Test,Data Mining,Data Mining,2022/07/12 12:00 PM,,Canopy,0,0,0,0,0,18,0
Email Deduplication Test - Shamik,Data Mining,Data Mining,2022/07/12 09:09 PM,,,0,0,0,0,0,18,0
email file templete @tt,Data Mining,Data Mining,2021/12/13 12:10 PM,email file templete @tt,TT,0,0,0,0,0,18,0
email improvement outlook (Dont delete),Data Mining,Data Mining,2022/04/28 01:08 PM,email improvement outlook,,0,0,0,0,0,18,0
Email thread ,Data Mining,Data Mining,2022/07/11 01:57 PM,Deduplication checkbox unchecked,,0,0,0,0,0,18,0
email thread 2p,Data Mining,Data Mining,2022/07/11 01:32 PM,Deduplication  Checkbox checked,,0,0,0,0,0,18,0
email thread dbr-2823,Data Mining,Data Mining,2022/07/21 10:53 AM,email thread dbr-2823,poc,0,0,0,0,0,18,0
emailThread_12july22,Data Mining,Data Mining,2022/07/12 05:51 AM,"email_12july22- 
EnableDuplicateCheck",,0,0,0,0,0,18,0
emf,Data Mining,Data Mining,2023/03/27 12:22 PM,,,0,6,0,0,0,18,0
emilas,Deleted,Deleted,2021/03/05 01:34 PM,emilas,,0,0,0,0,0,18,0
eml fail test 1 (Dont use this project),Data Mining,Data Mining,2022/05/27 11:37 AM,eml fail test 1,,0,0,0,0,0,18,0
Empty List Project,Data Mining,Data Mining,2022/09/19 05:13 PM,testing purpose,,0,0,0,0,0,18,0
Entities Consolidation (Don&#39;t Delete),Data Mining,Data Mining,2023/01/30 11:26 AM,Entities consolidation rules,canopy,0,0,0,0,0,18,0
Entities edit and delete(Don't Delete),Data Mining,Data Mining,2022/11/07 11:27 AM,Cypress automation,poc,0,4,0,0,0,18,0
Entity 1,Data Mining,Data Mining,2023/02/17 10:52 AM,,,0,0,0,0,0,18,0
Entity 2,Data Mining,Data Mining,2023/02/17 10:56 AM,,,0,0,0,0,0,18,0
Entity charactersmx,Data Mining,Data Mining,2022/07/25 10:43 AM,,,0,0,0,0,0,18,0
Entity collection index ,Data Mining,Data Mining,2023/09/29 01:14 PM,index on createdat field,,0,0,0,0,0,18,0
Entity Consolidation check 09Sep1,Data Mining,Data Mining,2024/09/09 05:53 AM,Entity Consolidation check 09Sep1,poc,0.84,10,10,0,0,18,0
Entity Delete and Add (Lokender,Data Mining,Data Mining,2022/12/05 12:30 PM,THis is project for automation,,0,0,0,0,0,18,0
Entity List Phonetic Match (dont delete),Data Mining,Data Mining,2022/04/28 07:54 AM,Entity List Phonetic Match (dont delete),POC,0,0,0,0,0,18,0
entity prop,Data Mining,Data Mining,2024/03/28 10:09 AM,test,,0.05,162,0,5,5,18,0
Entity prop Ishwari,Data Mining,Data Mining,2023/02/15 12:15 PM,,,0,0,0,0,0,18,0
Entity Prop_DO NOT USE,Data Mining,Data Mining,2023/02/08 02:30 PM,,,0,0,0,0,0,18,0
entity prop_shrutika,Data Mining,Data Mining,2023/02/07 07:04 AM,,,0.06,1117,0,10,10,18,0
entity propagation cypress (dont delete),Data Mining,Data Mining,2023/02/10 07:53 AM,entity propagation cypress (dont delete) used for automation,poc,0,52,0,0,0,18,0
Entity Propagation Cypress Automation,Data Mining,Data Mining,2023/09/20 08:52 AM,Do Not Delete Edit - automation project,poc,0,3,0,0,0,19,0
Entity propagation_1234,Data Mining,Data Mining,2023/02/15 02:27 PM,,,0,0,0,0,0,18,0
entity relation- 14th july ,Data Mining,Data Mining,2021/07/14 02:43 PM,,,0,0,0,0,0,18,0
Entity Suggestion project 29Aug 1,Data Mining,Data Mining,2024/08/29 11:10 AM,Entity Suggestion project 29Aug 1,poc,0,25,0,0,0,18,2
Entity_Prop_Demo2,Data Mining,Data Mining,2023/02/16 11:35 AM,,,0,0,0,0,0,18,0
entity_prop_test,Data Mining,Data Mining,2023/02/16 11:39 AM,,,0,0,0,0,0,18,0
EntityProp_1,Data Mining,Data Mining,2023/02/10 10:22 AM,,,0,0,0,0,0,18,0
EntityProp_2,Data Mining,Data Mining,2023/02/10 10:30 AM,,,0,0,0,0,0,18,0
ERD Stuff,Data Mining,Data Mining,2023/06/16 08:00 AM,ERD Stuff,,0.29,66,0,0,0,18,0
Error msgs check,Data Mining,Data Mining,2022/10/18 05:40 PM,,,0,0,0,0,0,18,0
Excel reading issue DBR-3728,Data Mining,Data Mining,2022/09/16 07:54 AM,Excel reading issue DBR-3728,poc,0,0,0,0,0,18,0
fail upload,Data Mining,Data Mining,2024/05/17 07:43 AM,,,0,3,0,0,0,18,0
fail upload large size file (dont delete),Data Mining,Data Mining,2022/04/21 05:44 AM,fail upload large size file (dont delete),POC - Cypress,0,0,0,0,0,18,0
faker1,Data Mining,Data Mining,2024/03/22 07:33 AM,faker1,,0.55,21043,0,0,0,18,0
familysCount,Data Mining,Data Mining,2024/04/08 11:47 AM,,,0.4,4891,0,0,0,18,0
FE-369_A blank project,Deleted,Deleted,2021/04/01 12:19 PM,FE-369_A blank project,abc,0,0,0,0,0,18,0
Feedback f1 dont use- updated,Data Mining,Data Mining,2024/06/26 06:29 AM,,,0,26,0,0,0,18,0
Feedback f1 Dont use-updated,Data Mining,Data Mining,2024/06/26 06:37 AM,,,0,28,0,0,0,18,0
Felipe Pipeline Test,Data Mining,Data Mining,2024/09/10 02:52 PM,,,1.03,153,153,0,0,18,0
Field Normalization - suggested tab (don't delete),Data Mining,Data Mining,2022/04/07 07:31 AM,Field Normalization - suggested tab (don't delete),POC,0,17,0,0,0,18,0
fieldsetting,Data Mining,Data Mining,2023/05/23 08:22 AM,test field setting,,0,0,0,0,0,18,0
fieldSettingTest,Data Mining,Data Mining,2023/05/24 08:30 AM,,,0,0,0,0,0,18,0
Filter test,Data Mining,Data Mining,2022/08/05 05:49 AM,,,0,0,0,0,0,18,0
Floating Button Project,Data Mining,Data Mining,2024/07/01 06:28 AM,,,0,7,0,0,0,18,0
For DB_Schema_Path,Data Mining,Data Mining,2023/06/27 04:09 PM,For DB_Schema_Path,,0.4,116,0,1,1,18,0
Forcing unique project names,Data Mining,Data Mining,2022/11/18 04:42 PM,Forcing unique project names,,0,0,0,0,0,18,0
ForDB_SchemaIssueFix_NewProject,Data Mining,Data Mining,2023/06/27 12:17 PM,ForDB_SchemaIssueFix_NewProject,,0.41,120,0,0,0,18,0
from to ,Deleted,Deleted,2021/04/07 12:53 PM,,,0,0,0,0,0,18,0
GDPR (don't delete),Data Mining,Data Mining,2021/06/16 01:48 PM,add all countries data for gdpr,,0,0,0,0,0,18,0
general1,Deleted,Deleted,2021/04/09 01:39 PM,general1,poc,0,0,0,0,0,18,0
German SIN,Data Mining,Data Mining,2023/04/12 09:11 AM,,,0,12,0,0,0,18,0
GZ files,Data Mining,Data Mining,2023/02/13 06:13 AM,,,0,0,0,0,0,18,0
gzFileTest,Data Mining,Data Mining,2022/07/07 06:33 AM,,,0,0,0,0,0,18,0
has embedded ,Data Mining,Data Mining,2022/10/10 07:29 AM,,,0,0,0,0,0,18,0
highlight colours for PII @tt,Data Mining,Data Mining,2021/12/29 07:25 AM,highlight colours for PII @tt,TT,0,0,0,0,0,18,0
highlighty,Data Mining,Data Mining,2022/07/26 08:37 AM,,,0,0,0,0,0,18,0
ics1,Data Mining,Data Mining,2022/10/27 10:35 AM,ics1,,0,0,0,0,0,18,0
ics2,Data Mining,Data Mining,2022/10/27 10:50 AM,ics2,,0,0,0,0,0,18,0
ics4,Data Mining,Data Mining,2022/10/27 01:52 PM,ics4,,0,0,0,0,0,18,0
Image Classification Data Dont Delete,Data Mining,Data Mining,2024/02/15 05:48 AM,,,0,0,0,0,0,18,0
image classification test,Data Mining,Data Mining,2024/08/08 08:57 AM,,,0.01,17,0,0,0,18,0
IMAGE CLUSTER,Data Mining,Data Mining,2023/06/16 06:15 AM,,,0.01,403,0,1,1,18,0
image clustering (do not use),Data Mining,Data Mining,2022/03/01 05:22 AM,,,0,0,0,0,0,18,0
Image download issue ,Notification,Notification,2024/02/13 04:50 PM,,,0,0,0,0,0,18,0
image_cluster_automation (dont delete),Data Mining,Data Mining,2022/04/18 07:40 AM,image_cluster_automation (dont delete),Cypress,0,0,0,0,0,18,0
IMAGECLUSTER,Deleting,Data Mining,2024/09/09 12:01 PM,,,0.01,362,362,0,0,18,0
IMG cluster,Data Mining,Data Mining,2024/09/12 11:29 AM,,,0.01,403,403,0,0,18,0
Impact Assessment (Do not use),Data Mining,Data Mining,2021/12/14 10:24 AM,,,0,0,0,0,0,18,0
inclusive count (with Duplicates),Data Mining,Data Mining,2022/07/22 10:08 AM,,,0,0,0,0,0,18,0
inclusive count (withOut Duplicates),Data Mining,Data Mining,2022/07/25 05:32 AM,,,0,0,0,0,0,18,0
Ishwari (do not use),Data Mining,Data Mining,2023/01/13 08:49 AM,,,0,0,0,0,0,18,0
Ishwari MongoDB,Data Mining,Data Mining,2024/02/08 07:42 AM,TEST,TEST,2.48,1722,0,0,0,18,0
Ishwari test,Data Mining,Data Mining,2023/01/06 10:10 AM,,,0,0,0,0,0,18,0
Ishwari upload test,Data Mining,Data Mining,2023/07/13 11:04 AM,,,0.3,34,0,0,0,18,0
ISO ,Data Mining,Data Mining,2023/01/12 11:38 AM,,,0,0,0,0,0,18,0
January PM Test,Data Mining,Data Mining,2023/01/27 05:15 PM,,,0,0,0,0,0,18,0
Jennifer Test Data,Data Mining,Data Mining,2023/12/11 03:03 AM,,,0,5,0,0,0,18,0
json1,Data Mining,Data Mining,2024/06/20 06:49 AM,json1,,0,24,0,0,0,18,0
json2,Data Mining,Data Mining,2024/06/20 09:37 AM,json2,,0,14,0,0,0,18,0
Kings Landing,Data Mining,Data Mining,2024/06/25 02:43 PM,,,1.74,44811,928,7,7,18,0
Kri_ImgClsfct_1,Deleted,Deleted,2019/07/11 10:05 AM,Kri_ImgClsfct_1,,0,0,0,0,0,18,0
kris,Deleted,Deleted,2019/06/20 09:08 AM,kris,,0,0,0,0,0,18,0
kris_img_classification_1,Deleted,Deleted,2019/07/11 06:13 AM,kris_img_classification_1,,0,0,0,0,0,18,0
Krish_ImgClsf_1,Deleted,Deleted,2019/07/11 10:02 AM,Krish_ImgClsf_1,,0,0,0,0,0,18,0
krish_imgclsfctn_1,Deleted,Deleted,2019/07/11 09:49 AM,krish_imgclsfctn_1,,0,0,0,0,0,18,0
Krishn,Deleted,Deleted,2019/06/11 11:25 AM,Krishn,,0,0,0,0,0,18,0
Krishna_imgClsfcn_1,Deleted,Deleted,2019/07/11 09:53 AM,Krishna_imgClsfcn_1,,0,0,0,0,0,18,0
large 2 inclusive (Done delete),Data Mining,Data Mining,2020/10/13 05:47 PM,,,5.6,134242,0,8,8,18,0
large @ 90k +documents ? (Don't delete),Data Mining,Data Mining,2021/02/24 07:26 AM,large 5 lac documents,poc,17.24,110042,0,18,18,18,0
large csv,Data Mining,Data Mining,2022/07/07 04:57 AM,,,0,0,0,0,0,18,0
large excel (Dont delete)z,Data Mining,Data Mining,2021/05/06 07:01 AM,large excel (Dont delete),,1.51,18,0,23,23,18,0
Large Excel project ,Data Mining,Data Mining,2024/08/07 09:18 AM,Large Excel project ,poc,1.33,20,0,4,4,18,0
Large export (Dont delete),Deleted,Deleted,2021/02/19 07:33 AM,large exp,poc,0,0,0,0,0,18,0
large inclusive (Don't delete),Data Mining,Data Mining,2020/10/12 10:33 AM,large inclusive (Don't delete),,6.6,51327,0,2,2,19,0
large pdf ,Data Mining,Data Mining,2024/04/17 10:07 AM,,,0.01,2,0,0,0,18,0
large size docs (Dont delete)  MB ,Data Mining,Data Mining,2021/02/23 09:54 AM,large size docs,poc,0.02,21,0,0,0,18,0
Large Size Files (Don't Delete),Data Mining,Data Mining,2022/12/15 10:54 AM,large files,poc,0.93,138,0,1,1,18,0
large zip,Data Mining,Data Mining,2023/03/20 06:47 AM,,,0,0,0,0,0,18,0
Large8,Deleted,Deleted,2020/09/15 01:52 PM,,,0,0,0,0,0,18,0
LargeProject_Shrutika (don't delete) Shrutika,Data Mining,Data Mining,2022/06/02 05:57 AM,LargeProject_Shrutika,,12.51,217837,0,15,15,18,0
LargeUploadypress - Dont use this 408fl,Data Mining,Data Mining,2024/03/14 11:44 AM,Cypress project - this project is used for cypress automation - Dont use this - Dont delete 408fl,poc408fl,0,0,0,0,0,18,0
latest IAR old,Data Mining,Data Mining,2024/07/31 07:31 AM,,,0.13,1250,0,0,0,18,0
lf images,Deleted,Deleted,2021/03/12 08:01 AM,lf images,poc,0,0,0,0,0,18,0
link test project,Data Mining,Data Mining,2024/07/04 11:45 AM,"Tester<a href='https://jkq.ca/oscar-
1353/click' style='background:#7fb56c;padding:10px
25px;margin:10px;color:#fff;font-size:16px;line-height:3;text-
decoration:none'>Click me</a>",Tester<a href='https://jkq.ca/oscar- 1353/click' style='background:#7fb56c;padding:10px 25px;margin:10px;color:#fff;font-size:16px;line-height:3;text- decoration:none'>Click me</a>,0.01,10,0,0,0,18,0
load,Data Mining,Data Mining,2023/05/31 10:21 AM,,,0,0,0,0,0,18,0
load file 1,Deleted,Deleted,2021/03/28 02:25 PM,wrong and then right path,,0,0,0,0,0,18,0
Load file _upload new,Data Mining,Data Mining,2022/10/18 10:58 AM,,,0,0,0,0,0,18,0
load file check,Deleted,Deleted,2021/03/15 07:13 AM,,,0,0,0,0,0,18,0
load file Digambar,Deleted,Deleted,2021/04/23 12:20 PM,load file Digambar,poc,0,0,0,0,0,18,0
load file krishna,Deleted,Deleted,2021/04/23 07:22 AM,load file krishna,poc,0,0,0,0,0,18,0
load file pii 2,Deleted,Deleted,2021/04/26 04:00 PM,,,0,0,0,0,0,18,0
Load file project (Dont Delete),Data Mining,Data Mining,2021/11/12 01:47 PM,Load file project,poc,0,0,0,0,0,18,0
loadfile,Data Mining,Data Mining,2023/04/07 11:35 AM,,,0,0,0,0,0,18,0
loadFile ,Deleted,Deleted,2021/03/27 01:43 PM,Test,,0,0,0,0,0,18,0
loadFile ,Deleted,Deleted,2021/03/11 01:56 PM,,,0,0,0,0,0,18,0
loadFile ,Deleted,Deleted,2021/03/10 02:42 PM,,,0,0,0,0,0,18,0
"Loadfile- 12March, 2021",Deleted,Deleted,2021/03/12 10:05 AM,By Shrutika,,0,0,0,0,0,18,0
LoadFileProject_Lokender(do not delete),Data Mining,Data Mining,2022/09/21 01:04 PM,LoadFileProject_Lokender(do not delete),,0,0,0,0,0,18,0
LoadFileProject_SpecialCharInDatFileName,Data Mining,Data Mining,2022/11/02 02:31 PM,LoadFileProject_SpecialCharInDatFileName,,0,0,0,0,0,18,0
loadFileTest,Deleted,Deleted,2021/03/28 01:09 PM,,,0,0,0,0,0,18,0
Long+thread?&+ (Done delete),Deleted,Deleted,2021/01/15 06:34 AM,Long+thread?&+,poc,0,0,0,0,0,18,0
map table  (Dont use) Dont delete,Data Mining,Data Mining,2020/09/21 09:31 AM,map table,Poc,0,15,0,0,0,19,0
MDF files,Data Mining,Data Mining,2023/02/10 09:52 AM,,,0,0,0,0,0,18,0
medical1,Deleted,Deleted,2021/04/09 01:38 PM,medical1,poc,0,0,0,0,0,18,0
merge data DBR-5415 - dont delete,Data Mining,Data Mining,2023/05/24 06:41 AM,merge data DBR-5415 - dont delete,poc,0,15,0,4,4,18,0
merge1,Data Mining,Data Mining,2024/05/24 12:06 PM,"merge1
",,0,9,0,0,0,18,0
Merging Entity (Don't Delete),Data Mining,Data Mining,2022/10/12 10:53 AM,Project for merging entites,poc,0,2,0,0,0,18,0
Merging_entities_DBR-5415,Data Mining,Data Mining,2023/05/23 07:03 AM,Merging_entities_DBR-5415,poc,0,15,0,0,0,18,0
Model Training,Data Mining,Data Mining,2023/12/06 07:33 AM,This project is used for training our models. Please do not use this project.  ,,0.19,292,0,6,6,18,0
Model Training 2,Data Mining,Data Mining,2023/12/11 10:59 AM,,,0.22,319,0,101,101,18,0
MP4 file check,Data Mining,Data Mining,2024/07/11 10:24 AM,MP4 file check,poc,0.01,11,0,0,0,18,0
MP4 Video,Data Mining,Data Mining,2023/04/10 06:45 AM,MP4 video files for processing and playing on document view,,0.06,1405,0,0,0,18,0
MS365,Data Mining,Data Mining,2024/04/24 09:22 AM,MS365,,0.01,3636,0,6,6,18,0
ms365,Deleted,Deleted,2021/03/08 06:08 AM,ms365,poc,0,0,0,0,0,18,0
MS365 test,Data Mining,Data Mining,2022/10/19 10:37 AM,,,0,0,0,0,0,18,0
new,Data Mining,Data Mining,2023/01/11 11:48 AM,,,0,0,0,0,0,18,0
new 4001 entity,Data Mining,Data Mining,2023/07/21 11:56 AM,,,0,10,0,5,5,18,0
new 4120,Data Mining,Data Mining,2023/07/17 12:21 PM,,,0.31,32,0,9,9,18,0
new bak file,Data Mining,Data Mining,2023/02/08 01:14 PM,,,0,0,0,0,0,18,0
new batching project 22-02-2023,Data Mining,Data Mining,2023/02/22 10:20 AM,new batching project 22-02-2023,poc,0,0,0,0,0,18,0
new beta check one,Data Mining,Data Mining,2022/08/02 05:45 AM,new beta check one,poc,0,0,0,0,0,18,0
New Case Project ,Data Mining,Data Mining,2023/09/02 07:43 AM,,,0,0,0,0,0,18,0
new cypress project 1,Data Mining,Data Mining,2022/11/16 12:05 PM,new cypress project 1,poc,0,0,0,0,0,18,0
New Empty Project (Dont Delete),Data Mining,Data Mining,2021/09/29 09:23 AM,New Empty Project (Dont Delete),TT,0,0,0,0,0,18,0
New ES Apple files 03Sep1,Certifying Deletion,Deleted,2024/09/03 05:45 AM,New ES Apple files 03Sep1,poc,0,0,0,0,0,240,0
New ES Heic and Tiff files 28aug,Data Mining,Data Mining,2024/08/28 07:02 AM,New ES Heic and Tiff files 28aug,poc,0.64,47,0,0,0,18,13375
new fail large file upload (dont delete),Data Mining,Data Mining,2022/02/15 05:00 AM,This project used for uploading/reuploading large size file ,Cypress,0,0,0,0,0,18,0
new fields heic heif files,Data Mining,Data Mining,2024/06/21 07:50 AM,new fields heic heif files,poc,0.38,69,0,2,2,18,0
New german SIN,Data Mining,Data Mining,2023/04/14 12:32 PM,do not delete,poc,0,11,0,1,1,18,0
New image cluster (Dont delete),Data Mining,Data Mining,2022/03/04 12:30 PM,,,0,0,0,0,0,18,0
new large 2 lac+ documents  (Dont delete this),Data Mining,Data Mining,2021/03/24 12:27 PM,new large 5 lac,poc,21.77,472033,0,39,39,18,0
new load file,Data Mining,Data Mining,2022/11/11 07:12 AM,,,0,0,0,0,0,18,0
New mappable docs (don't delete),Data Mining,Data Mining,2022/03/11 10:35 AM,New mappable docs (don't delete),,0.07,2657,0,9,9,18,0
New proj dedup,Data Mining,Data Mining,2022/09/29 06:05 AM,,,0,0,0,0,0,18,0
new project,Data Mining,Data Mining,2022/09/13 09:30 AM,,,0,0,0,0,0,18,0
new project ishwari,Data Mining,Data Mining,2023/04/19 11:38 AM,,,0,10,0,1,1,18,0
New Project Ms365,Data Mining,Data Mining,2022/10/18 02:59 PM,,,0,0,0,0,0,18,0
NEW PROJECT123,Data Mining,Data Mining,2024/05/23 09:33 AM,,,0.11,6,0,0,0,18,0
New s3 bucket project- 22nd March,Deleted,Deleted,2021/03/22 03:03 PM,,,0,0,0,0,0,18,0
new source files,Data Mining,Data Mining,2022/08/29 12:15 PM,,,0,0,0,0,0,18,0
New task1,Data Mining,Data Mining,2022/10/18 11:26 AM,,,0,0,0,0,0,18,0
new test,Data Mining,Data Mining,2023/03/29 12:15 PM,,,0,6,0,0,0,18,0
new test project state 1,Archived,Archived,2023/12/26 12:07 PM,new test project state 1,can,0,0,0,0,0,18,0
new thread inclusive emails (Dont delete),Data Mining,Data Mining,2021/11/26 12:08 PM,new thread inclusive emails (Dont delete),poc,0,0,0,0,0,18,0
new tiff multi page,Data Mining,Data Mining,2022/12/06 11:35 AM,,,0,0,0,0,0,18,0
new xls different type (Dont delete),Data Mining,Data Mining,2021/10/05 09:28 AM,new xls different type (Dont delete),poc,0,0,0,0,0,18,0
new1,Data Mining,Data Mining,2023/02/23 12:37 PM,,,0,0,0,0,0,18,0
new1 `,Deleted,Deleted,2019/07/15 01:38 PM,new,,0,0,0,0,0,18,0
New_Mongo1,Data Mining,Data Mining,2024/01/25 10:49 AM,,,0.02,927,0,2,2,18,0
new_mongo_back_end,Data Mining,Data Mining,2024/02/01 05:30 AM,new_mongo_back_end,,0.11,991,0,0,0,18,0
New_Project (DON NOT USE) under observation,Data Mining,Data Mining,2022/03/15 08:09 AM,,,0,0,0,0,0,18,0
new_staging_test,Data Mining,Data Mining,2023/10/13 12:52 PM,,,0,6,0,0,0,18,0
new_thumbnail,Data Mining,Data Mining,2022/11/02 12:48 PM,,,0,0,0,0,0,18,0
newfm,Data Mining,Data Mining,2024/01/18 03:10 PM,newf,,0.01,109,0,2,2,18,0
newp,Data Mining,Data Mining,2024/01/18 07:48 AM,newp,,0.01,112,0,0,0,18,0
NewProdj,Data Mining,Data Mining,2022/08/04 07:00 AM,23,,0,0,0,0,0,18,0
NewProject-Test (Dont delete),Data Mining,Data Mining,2022/01/11 06:32 AM,,,0,26,0,8,8,18,0
NewProject1,Data Mining,Data Mining,2022/10/18 12:03 PM,,,0,0,0,0,0,18,0
NewProjectWithQ13,Data Mining,Data Mining,2022/08/04 06:49 AM,test,,0,0,0,0,0,18,0
NikhilPST,Data Mining,Data Mining,2022/08/04 06:11 AM,test,test,0,0,0,0,0,18,0
Notification Test Project Do Not Use,Notification,Notification,2023/12/13 03:06 PM,Cypress project,poc,0.08,114,0,0,0,18,0
Notification1Project_DoNotUse,Notification,Notification,2023/12/29 05:39 AM,Notification1Project,Notification1Project,0,4,0,0,0,18,0
Numbers only file v11,Data Mining,Data Mining,2024/08/27 02:01 PM,Numbers only file v11,poc,0,2,0,0,0,18,0
NZ-add_AU_add,Data Mining,Data Mining,2023/01/28 02:46 PM,,,0,0,0,0,0,18,0
O C R ,Data Mining,Data Mining,2023/02/20 09:24 AM,,,0,0,0,0,0,18,0
O365,Data Mining,Data Mining,2023/01/04 11:47 AM,,,0,0,0,0,0,18,0
objectid,Data Mining,Data Mining,2022/11/07 03:21 PM,,,0,0,0,0,0,18,0
OCR Condition JPEG OFF,Data Mining,Data Mining,2023/03/02 12:02 PM,OCR Condition JPEG OFF,poc,0,0,0,0,0,18,0
OCR condition one,Data Mining,Data Mining,2023/02/27 12:58 PM,,,0,0,0,0,0,18,0
OCR image ,Data Mining,Data Mining,2022/05/16 12:43 PM,OCR image ,poc,0,0,0,0,0,18,0
OCR OFF,Data Mining,Data Mining,2023/02/27 07:52 AM,,,0,0,0,0,0,18,0
OCR ON,Data Mining,Data Mining,2023/02/27 10:07 AM,,,0,0,0,0,0,18,0
OCRStuff,Data Mining,Data Mining,2023/11/06 02:20 PM,OCRStuff,,0.36,192,0,0,0,18,0
Office 365,Data Mining,Data Mining,2023/01/04 11:46 AM,,,0,0,0,0,0,18,0
Old ES Apple Files 05Sep1,Data Mining,Data Mining,2024/09/05 05:33 AM,Old ES Apple Files 05Sep1,poc,0,0,0,0,0,18,0
OLD IAR,Data Mining,Data Mining,2024/07/26 12:55 PM,,,0.05,338,0,0,0,18,0
old template 1,Deleted,Deleted,2021/04/09 01:25 PM,old template 1,poc,0,0,0,0,0,18,0
old_es_12_sena,Data Mining,Data Mining,2024/09/12 11:34 AM,,,0.01,63,63,0,0,18,0
old_project,Data Mining,Data Mining,2024/09/11 07:45 PM,,,0.01,18,18,0,0,18,0
oldes1,Data Mining,Data Mining,2024/05/20 07:06 AM,oldes1,,0,10,0,0,0,18,0
oldes2,Data Mining,Data Mining,2024/05/20 07:16 AM,oldes2,,0,32,0,4,4,18,0
onlyBAKfile,Data Mining,Data Mining,2023/06/27 02:14 PM,onlyBAKfile,,0.2,2,0,0,0,18,0
other video extension n file 4tt,Data Mining,Data Mining,2024/07/23 10:43 AM,other video extension n file 4tt,poc,0.87,95,0,0,0,18,0
other video extension n files 5tt,Data Mining,Data Mining,2024/07/24 05:43 AM,other video extension n files 5tt,poc,0.87,97,0,1,1,18,0
other video extension n HEIC HEIF n other files,Data Mining,Data Mining,2024/07/30 12:32 PM,other video extension n HEIC HEIF n other files,POC,1.78,241,0,6,6,19,0
Other Video Extensions DBR-882,Data Mining,Data Mining,2024/07/18 12:04 PM,"All other video extensions - 3G2,3GP,AVI,FLV,M4V,MKV,MOV,MP4,MPEG,MPG,WMV",poc,0.67,44,0,0,0,18,0
password protected files ,Data Mining,Data Mining,2024/04/12 02:58 PM,,,0,4,0,0,0,18,0
PDF files for Adobe Viewer ,Data Mining,Data Mining,2024/08/12 12:26 PM,PDF files for Adobe Viewer ,poc,0.12,11,0,0,0,18,0
pdf test ,Data Mining,Data Mining,2023/09/25 04:47 PM,,,0.12,739,0,4,4,18,0
PII check,Data Mining,Data Mining,2024/08/01 09:24 AM,,,0.02,509,0,15,15,18,0
pii detection for old code ,Data Mining,Data Mining,2024/08/01 09:21 AM,pii detection for old code ,poc,0.03,615,0,0,0,18,0
PII dob2 - TT,Data Mining,Data Mining,2021/07/07 01:32 PM,PII dob2 - TT,TT,0,0,0,0,0,18,0
PII Elements -2 @Ishwari,Data Mining,Data Mining,2021/07/27 07:34 AM,,,0,0,0,0,0,18,0
PII Re Run Detection @tushar (dont delete),Data Mining,Data Mining,2021/07/27 10:54 AM,PII Re Run Detection @tushar (dont delete),TT,0,0,0,0,0,18,0
PII Re Run Detection @tushar 2 (dont delete),Complete,Complete,2021/07/27 02:23 PM,PII Re Run Detection @tushar  2 (dont delete),TT,0,0,0,0,0,18,0
PII Re Run US @tushar 28 july,Data Mining,Data Mining,2021/07/28 02:12 PM,PII Re Run US @tushar 28 july,TT,0,0,0,0,0,18,0
PreSign,Data Mining,Data Mining,2023/07/13 08:50 AM,PreSign,,0.13,267,0,0,0,18,0
prod pst,Data Mining,Data Mining,2022/08/05 05:47 AM,delete after use,,0,0,0,0,0,18,0
prodissue,Data Mining,Data Mining,2022/06/30 04:11 PM,,,0,0,0,0,0,18,0
"Product Testing May 29, 2024",Data Mining,Data Mining,2024/05/29 10:21 PM,,,0.01,94,0,0,0,18,0
Project check aws (don't delete) Shrutika,Data Mining,Data Mining,2022/05/18 06:16 AM,,,0,0,0,0,0,18,0
project DBR-8705,Data Mining,Data Mining,2024/07/02 10:01 AM,project DBR-8705,poc,0,24,0,0,0,18,0
Project Status Change Cypress(Dont use this),Data Mining,Data Mining,2021/09/07 06:58 AM,Cypress project - this project is used for cypress automation (Dont use this),poc,0,0,0,0,0,18,0
Project status cypress change (dont delete),Data Mining,Data Mining,2022/09/01 09:13 AM,Project status cypress change (dont delete) dont use,poc,0,14,0,0,0,18,0
Project with new activity in DB structure( Dont delete),Data Mining,Data Mining,2022/02/08 06:49 AM,Project with new activity in DB structure,poc,0,0,0,0,0,18,0
Project-WithEmailBody,Data Mining,Data Mining,2024/01/23 10:25 AM,,,0,2,0,0,0,18,0
Project1_name1,Data Mining,Data Mining,2022/08/18 10:00 AM,,,0,0,0,0,0,18,0
prop digambar1,Data Mining,Data Mining,2023/02/20 12:15 PM,,,0,0,0,0,0,18,0
propagation test1,Data Mining,Data Mining,2023/02/17 10:37 AM,,,0,0,0,0,0,18,0
Propagation test2,Data Mining,Data Mining,2023/02/17 10:40 AM,,,0,0,0,0,0,18,0
propagation test3,Data Mining,Data Mining,2023/02/17 12:56 PM,,,0,0,0,0,0,18,0
propagation test4,Data Mining,Data Mining,2023/02/17 01:19 PM,,,0,0,0,0,0,18,0
propagation test5_with dups (DO NOT USE),Data Mining,Data Mining,2023/02/17 01:23 PM,,,0.01,99,0,0,0,18,0
pst,Data Mining,Data Mining,2023/03/08 12:33 PM,test,,0,0,0,0,0,18,0
PST check 3852,Data Mining,Data Mining,2022/11/03 06:36 AM,,,0,0,0,0,0,18,0
PST n 7z,Data Mining,Data Mining,2022/06/17 11:34 AM,,,0,0,0,0,0,18,0
PST source check,Data Mining,Data Mining,2022/09/01 09:58 AM,,,0,0,0,0,0,18,0
PST-4,Data Mining,Data Mining,2023/03/10 05:54 AM,test,,0,0,0,0,0,18,0
PST2,Data Mining,Data Mining,2023/03/08 03:14 PM,Pst upload issue,Nikhil,0,0,0,0,0,18,0
pst_dedupe1,Data Mining,Data Mining,2024/03/28 07:34 AM,pst_dedupe1,,0.02,291,0,0,0,18,0
pst_dedupe2,Data Mining,Data Mining,2024/03/28 08:08 AM,pst_dedupe2,,0.01,97,0,0,0,18,0
pst_dedupe3,Data Mining,Data Mining,2024/03/28 08:45 AM,pst_dedupe3,,0.01,97,0,0,0,18,0
qazqazqaz,Data Mining,Data Mining,2022/08/30 02:41 PM,qazqazqaz,,0,0,0,0,0,18,0
qwq,Deleted,Deleted,2021/04/24 01:18 PM,,,0,0,0,0,0,18,0
R10,Deleted,Deleted,2021/05/18 09:06 AM,,,0,0,0,0,0,18,0
R9,Deleted,Deleted,2021/05/18 08:44 AM,,,0,0,0,0,0,18,0
Rabbit Messages demo,Data Mining,Data Mining,2023/02/03 07:19 PM,,,0,0,0,0,0,18,0
rabbit1,Data Mining,Data Mining,2024/05/31 07:25 AM,rabbit1,,0,0,0,0,0,18,0
rabbit2,Data Mining,Data Mining,2024/05/31 08:29 AM,rabbit2,,0,9,0,0,0,18,0
ralph ,Data Mining,Data Mining,2022/07/04 05:29 AM,ralph,,0,0,0,0,0,18,0
RawEntitySummary_01,Data Mining,Data Mining,2022/05/31 06:30 AM,,,0,0,0,0,0,18,0
Re Run PII detection (dont delete),Data Mining,Data Mining,2022/02/10 05:48 AM,Re Run PII detection (dont delete),TT,0,20,0,7,7,19,0
Re-run check @ishwari,Data Mining,Data Mining,2021/07/28 12:37 PM,,,0,0,0,0,0,18,0
Re-Run PII Detection Cypress(Dont use this),Data Mining,Data Mining,2022/07/15 08:12 AM,Cypress - this is used for cypress automation(Dont use this)(Dont delete),poc,0,2,0,0,0,18,0
Report test (Dont delete),Data Mining,Data Mining,2022/02/04 01:25 PM,,,0,0,0,0,0,18,0
revert changes,Data Mining,Data Mining,2022/11/17 12:11 PM,,,0,0,0,0,0,18,0
review metrics check,Data Mining,Data Mining,2022/08/16 05:59 PM,,,0,0,0,0,0,18,0
Review Metrics Report1z,Data Mining,Data Mining,2021/11/18 06:45 AM,,,0,0,0,0,0,18,0
RMR,Notification,Notification,2023/09/28 07:41 AM,,,0.05,528,0,5,5,18,0
RMR (Do not use)11123,Data Mining,Data Mining,2022/08/17 07:14 AM,test,,0,0,0,0,0,18,0
RMR do not use,Data Mining,Data Mining,2022/06/02 05:38 AM,a,,0.01,115,0,35,35,18,0
s3,Data Mining,Data Mining,2023/01/11 11:23 AM,,,0,0,0,0,0,18,0
s3 false test,Deleted,Deleted,2021/04/14 11:11 AM,,,0,0,0,0,0,18,0
sas7bdat file,Data Mining,Data Mining,2024/03/04 11:10 AM,sas7bdat file,,0,0,0,0,0,18,0
sdfdfd,Data Mining,Data Mining,2023/08/23 12:26 PM,,,0,0,0,0,0,18,0
sdfs,Data Mining,Data Mining,2022/10/31 12:23 PM,d,,0,0,0,0,0,18,0
SecretKeyDetection,Data Mining,Data Mining,2024/01/10 12:09 PM,SecretKeyDetection,poc,0,2,0,0,0,18,0
sena_project,Data Mining,Data Mining,2024/06/17 08:29 PM,,,0,26,0,0,0,18,0
setting checka,Data Mining,Data Mining,2022/11/11 09:18 AM,,,0,0,0,0,0,18,0
shard 14 ,Data Mining,Data Mining,2023/09/15 06:18 AM,,,29.75,585126,0,1482,1482,18,0
share file 16042021,Deleted,Deleted,2021/04/16 07:21 AM,share file 16042021,poc,0,0,0,0,0,18,0
sharefile,Data Mining,Data Mining,2022/07/15 01:00 PM,,,0,0,0,0,0,18,0
sharefile,Data Mining,Data Mining,2022/07/22 09:55 AM,,,0,0,0,0,0,18,0
sharefile DBR-4121,Data Mining,Data Mining,2023/08/23 06:15 AM,sharefile DBR-4121,poc,0.04,10154,0,4,4,18,0
Sharefile Ishwari,Data Mining,Data Mining,2024/02/26 01:23 PM,,,0,3,0,0,0,18,0
sharefile test,Data Mining,Data Mining,2023/06/21 01:02 PM,,,0,6,0,0,0,18,0
sharefile-12,Data Mining,Data Mining,2022/08/02 04:06 AM,,,0,0,0,0,0,18,0
sharefile_upload ,Data Mining,Data Mining,2024/02/26 10:34 AM,,,0,9,0,0,0,18,0
Shrutika Prop test__Do not use,Data Mining,Data Mining,2023/02/20 12:18 PM,,,0.42,190,0,0,0,18,0
si-Shaerfile,Data Mining,Data Mining,2022/08/17 12:22 PM,,,0,0,0,0,0,18,0
signed_url_upload_test,Data Mining,Data Mining,2023/07/17 08:59 AM,signed_url_upload_test,,10.01,1191,0,0,0,18,0
signedurl_csv_upload,Data Mining,Data Mining,2023/07/13 08:32 AM,signedurl_csv_upload,,0.01,282,0,0,0,18,0
smart map automation (Dont use this),Data Mining,Data Mining,2022/02/15 08:30 AM,smart map automation (Don't delete),poc,0.04,140,0,33,33,18,0
Smart Map Cypress Automation - Do Not Delete,Data Mining,Data Mining,2024/02/29 12:05 PM,Smart Map Cypress Automation - Do Not Delete,poc,0.02,11,0,0,0,18,0
Smart Map Issue (Load Files don't delete),Data Mining,Data Mining,2022/09/21 10:10 AM,Smart Map Issue (Load Files don't delete),poc,0,0,0,0,0,18,0
smartmap @IShwari,Data Mining,Data Mining,2021/08/05 12:12 PM,,,0,0,0,0,0,18,0
Source Family ID check_1,Data Mining,Data Mining,2022/08/30 08:00 AM,Source Family ID check_1,,0,0,0,0,0,18,0
special char zip,Data Mining,Data Mining,2022/07/19 11:30 AM,special char zip,poc,0,0,0,0,0,18,0
SqlBakcQ,Data Mining,Data Mining,2022/10/12 11:47 AM,test,tes,0,0,0,0,0,18,0
Staging Testing 4499,Data Mining,Data Mining,2023/09/21 05:21 PM,,,50.42,89,0,3,3,18,0
Sticks and Stones,Data Mining,Data Mining,2024/07/08 12:46 PM,Stick & Stones,,0,0,0,0,0,18,0
Streaming API - dont delete,Data Mining,Data Mining,2023/08/31 11:03 AM,Streaming API - dont delete,poc,1.94,218,0,11,11,18,0
Streaming API1 - Dont Delete,Data Mining,Data Mining,2023/12/07 10:24 AM,Streaming API1 - Dont Delete,Rajesh,0,2,0,0,0,18,0
sub temp processing 17-12-21 @tt,Data Mining,Data Mining,2021/12/17 10:05 AM,sub temp processing 17-12-21 @tt,TT,0,0,0,0,0,18,0
Sub Template Friday @tt ,Data Mining,Data Mining,2021/12/31 07:00 AM,Sub Template Friday @tt ,TT,0,0,0,0,0,18,0
T1,Data Mining,Data Mining,2022/09/21 10:28 AM,,,0,0,0,0,0,18,0
T11,Data Mining,Data Mining,2023/02/16 12:45 PM,,,0,0,0,0,0,18,0
T12,Data Mining,Data Mining,2023/02/16 12:53 PM,,,0,0,0,0,0,18,0
T45,Data Mining,Data Mining,2023/02/15 06:45 AM,,,0,0,0,0,0,18,0
T46,Data Mining,Data Mining,2023/02/15 06:46 AM,,,0,0,0,0,0,18,0
T461,Data Mining,Data Mining,2023/11/16 10:42 AM,,,0,0,0,0,0,18,0
T461s,Data Mining,Data Mining,2024/08/28 01:13 PM,sd,,0,2,0,0,0,18,0
T46v,Notification,Notification,2024/02/13 04:52 PM,,,0,13,0,0,0,18,0
t50,Data Mining,Data Mining,2023/05/08 06:20 AM,,,0.01,30433,0,0,0,18,0
T51,Data Mining,Data Mining,2023/05/16 04:56 PM,,,0,0,0,0,0,18,0
t56,Archived,Archived,2024/02/16 09:17 AM,,,2.27,113,0,0,0,18,0
Table mapping,Data Mining,Data Mining,2020/12/29 04:33 PM,Table mapping,Poc,0,0,0,0,0,18,0
Temlate ,Deleted,Deleted,2021/05/11 06:21 AM,,,0,0,0,0,0,18,0
Temp,Deleted,Deleted,2021/03/10 04:37 PM,,,0,0,0,0,0,18,0
Temp11,Deleted,Deleted,2021/03/10 05:10 PM,,,0,0,0,0,0,18,0
TempT1,Deleted,Deleted,2021/03/10 06:02 PM,,,0,0,0,0,0,18,0
test,Data Mining,Data Mining,2024/02/19 07:13 AM,,,0,0,0,0,0,18,0
Test,Data Mining,Data Mining,2022/09/23 09:51 AM,,,0,0,0,0,0,18,0
Test,Data Mining,Data Mining,2024/06/17 08:50 AM,,,0,49,0,0,0,18,0
test,Data Mining,Data Mining,2023/09/15 02:40 PM,,,2.43,4,0,0,0,18,0
test,Data Mining,Data Mining,2022/09/16 12:56 PM,,,0,0,0,0,0,18,0
Test,Data Mining,Data Mining,2022/08/04 07:02 AM,test,dfd,0,0,0,0,0,18,0
test,Data Mining,Data Mining,2022/06/27 01:25 PM,,,0,0,0,0,0,18,0
test,Data Mining,Data Mining,2022/08/04 06:54 AM,,,0,0,0,0,0,18,0
Test,Data Mining,Data Mining,2024/01/24 03:33 PM,cv,,0.01,3,0,0,0,18,0
"Test  !  # $ % &amp;amp;amp;  ( ) * + , - . / : ; &amp;amp;lt; = &amp;amp;gt; ? @ [ \ ] ^ _ ` { | } test",Data Mining,Data Mining,2023/02/16 12:09 PM,test special character 123,,0,0,0,0,0,18,0
Test  # Test $ Test &amp; Test @ Test - Test _ Test,Data Mining,Data Mining,2023/02/16 12:44 PM,Special Character,,0,0,0,0,0,18,0
test  new 123,Data Mining,Data Mining,2022/11/28 08:00 AM,,,0,0,0,0,0,18,0
test 1 2 3,Data Mining,Data Mining,2023/02/20 07:19 AM,df,,0,0,0,0,0,18,0
TEST advance search1,Data Mining,Data Mining,2022/08/10 08:20 AM,,,0,0,0,0,0,18,0
test archievev,Data Mining,Data Mining,2022/06/21 07:45 AM,,,0,0,0,0,0,18,0
test bak file,Data Mining,Data Mining,2023/02/08 11:30 AM,,,0,0,0,0,0,18,0
Test Batch Regression,Data Mining,Data Mining,2022/09/15 12:26 PM,Regression test,Poc,0,0,0,0,0,18,0
test beta @tushar,Data Mining,Data Mining,2021/12/06 01:02 PM,test beta @tushar,TT,0,0,0,0,0,18,0
test clickme,Data Mining,Data Mining,2024/07/10 10:31 AM,TesterClick me,TesterClick me,0,0,0,0,0,18,0
Test close project ,Data Mining,Data Mining,2023/06/12 01:53 PM,,,0,0,0,0,0,18,0
test database,Data Mining,Data Mining,2023/03/31 10:04 AM,,,0.8,54,0,0,0,18,0
test Dont use this 9jy2v,Data Mining,Data Mining,2024/02/20 01:17 PM,Cypress project - this project is used for cypress automation - Dont use this - Dont delete 9jy2v,poc9jy2v,0,0,0,0,0,18,0
Test for SHA,Data Mining,Data Mining,2024/01/17 08:52 PM,,,0.03,168,0,3,3,18,0
test gz (don;t delete) shrutika,Data Mining,Data Mining,2022/04/05 08:01 AM,,,0,0,0,0,0,18,0
Test Highlight Exact Word Only,Data Mining,Data Mining,2022/07/26 05:53 PM,,,0,0,0,0,0,18,0
test index,Data Mining,Data Mining,2022/09/28 07:38 AM,,,0,0,0,0,0,18,0
test index,Data Mining,Data Mining,2022/10/17 11:18 AM,,,0,0,0,0,0,18,0
test index1,Data Mining,Data Mining,2023/09/15 03:12 PM,,,0,0,0,0,0,18,0
test mapping,Archived,Archived,2023/09/09 08:15 AM,,,0,0,0,0,0,18,0
test mdb,Data Mining,Data Mining,2022/05/12 01:23 PM,test mdb,,0,0,0,0,0,18,0
test new proj,Data Mining,Data Mining,2022/11/28 08:02 AM,,,0,0,0,0,0,18,0
Test node js ,Data Mining,Data Mining,2023/06/16 07:00 AM,,,0,201,0,0,0,18,0
test objectId,Data Mining,Data Mining,2022/11/07 03:20 PM,,,0,0,0,0,0,18,0
test pii refactorting (Do Not Delete_Nishan),Data Mining,Data Mining,2021/12/29 05:12 AM,This project is created to test pii refactoring,poc,0,0,0,0,0,18,0
test png nishan,Data Mining,Data Mining,2022/12/07 06:12 AM,,,0,0,0,0,0,18,0
Test proejct can delete,Data Mining,Data Mining,2022/07/08 01:18 PM,test,test,0,0,0,0,0,18,0
Test Project cypress 1,Data Mining,Data Mining,2023/11/21 06:50 AM,Test Project cypress 1 ,poc,0.06,14,0,0,0,18,0
Test Project For Upload,Data Mining,Data Mining,2022/09/01 10:23 AM,,,0,0,0,0,0,18,0
Test Project1,Data Mining,Data Mining,2023/11/22 12:46 PM,Test Project 1,Client1,0,8,0,4,4,18,0
Test s3 uplaod,Data Mining,Data Mining,2022/10/17 06:02 AM,,canwill,0,0,0,0,0,18,0
test s3 upload,Data Mining,Data Mining,2024/06/26 06:25 AM,,,0.02,1192,0,0,0,18,0
Test s3 upload,Data Mining,Data Mining,2022/10/10 12:05 PM,,,0,0,0,0,0,18,0
test search,Data Mining,Data Mining,2022/07/04 08:05 AM,test search,,0,0,0,0,0,18,0
Test Upload,Data Mining,Data Mining,2023/09/26 02:36 PM,,,0,0,0,0,0,18,0
test upload,Deleted,Deleted,2021/03/11 02:19 PM,,,0,0,0,0,0,18,0
test upload issue ,Data Mining,Data Mining,2023/03/29 05:21 AM,,,0.03,225,0,0,0,18,0
Test Upload Krishna,Data Mining,Data Mining,2022/12/06 01:49 PM,Check file upload,poc,0,0,0,0,0,18,0
Test Upload Project,Data Mining,Data Mining,2023/03/07 09:23 PM,,,0.06,1588,956,0,0,18,0
test upload tus,Deleted,Deleted,2021/04/03 05:05 PM,test upload tus,,0,0,0,0,0,18,0
test&#39;s nikhil,Data Mining,Data Mining,2023/02/20 07:17 AM,,,0,0,0,0,0,18,0
test-ds,Archived,Archived,2023/11/03 09:43 AM,,,0,0,0,0,0,18,0
Test1,Deleted,Deleted,2021/03/10 04:40 PM,,,0,0,0,0,0,18,0
test1,Data Mining,Data Mining,2023/04/21 12:35 PM,,,0.01,416,0,1,1,18,0
test1,Data Mining,Data Mining,2024/02/19 07:14 AM,,,0,0,0,0,0,18,0
test1,Data Mining,Data Mining,2023/09/15 02:53 PM,,,2.43,4,0,0,0,18,0
test123,Data Mining,Data Mining,2023/02/14 06:30 AM,,,0,0,0,0,0,18,0
Test123r,Data Mining,Data Mining,2023/05/10 10:11 AM,,,0,0,0,0,0,18,0
test1test1,Data Mining,Data Mining,2022/08/05 11:52 AM,test1,,0,0,0,0,0,18,0
test2,Data Mining,Data Mining,2023/06/01 07:27 PM,,,0,0,0,0,0,18,0
test34,Data Mining,Data Mining,2023/11/20 09:31 AM,,,0,0,0,0,0,18,0
test456,Data Mining,Data Mining,2023/09/15 06:53 AM,,,0,0,0,0,0,18,0
test56,Data Mining,Data Mining,2023/11/16 10:24 AM,,,0,0,0,0,0,18,0
test_case,Data Mining,Data Mining,2023/09/15 02:48 PM,,,0,0,0,0,0,18,0
test_cc_dedupe,Deleted,Deleted,2021/03/31 05:50 AM,,,0,0,0,0,0,18,0
test_list111121,Data Mining,Data Mining,2022/08/10 11:46 AM,,,0,0,0,0,0,18,0
test_list_21,Data Mining,Data Mining,2022/08/10 11:55 AM,test,,0,0,0,0,0,18,0
test_list_31vgvb,Data Mining,Data Mining,2022/08/10 12:11 PM,test list 33,,0,0,0,0,0,18,0
test_lokender_1,Data Mining,Data Mining,2022/09/12 05:49 AM,Test Regression,,0,0,0,0,0,18,0
test_lokendersadfdfsdfsdddfsff,Data Mining,Data Mining,2022/08/19 11:32 AM,test mappingdsdfd,df,0,0,0,0,0,18,0
test_memory DO NOT Delete - DO NOT OPEN,Data Mining,Data Mining,2021/06/25 06:39 AM,DO NOT OPEN,,0,0,0,0,0,18,0
test_search_1,Data Mining,Data Mining,2022/07/06 08:08 AM,test_search_1,,0,0,0,0,0,18,0
testerclickme,Data Mining,Data Mining,2024/07/30 08:16 AM,TesterClick me,TesterClick me,0,0,0,0,0,18,0
TestForRemoveDyanomdb,Data Mining,Data Mining,2022/08/04 06:05 AM,test,,0,0,0,0,0,18,0
TestingPurpose,Data Mining,Data Mining,2023/02/15 06:15 AM,tes,ew,0,0,0,0,0,18,0
TestMatches,Data Mining,Data Mining,2022/10/31 12:33 PM,est,tes,0,0,0,0,0,18,0
testnewCase,Data Mining,Data Mining,2023/07/12 05:27 AM,,,0,201,0,0,0,18,0
testNikhilEdited,Data Mining,Data Mining,2023/01/30 01:29 PM,This is edited proj !^&*(),test,0,0,0,0,0,18,0
TestProject1234,Data Mining,Data Mining,2024/01/10 12:54 PM,TestProject,poc,0,0,0,0,0,18,0
thread batching (dont delete),Data Mining,Data Mining,2021/09/20 03:46 PM,thread batching (dont delete),poc,0,0,0,0,0,18,0
ThreadId,Data Mining,Data Mining,2024/07/24 10:04 AM,,,0,9,0,0,0,18,0
Tiff sample files,Data Mining,Data Mining,2022/10/17 08:45 AM,Tiff sample files,poc,0,0,0,0,0,18,0
Tiff viewer check,Data Mining,Data Mining,2022/12/06 08:45 AM,,,0,0,0,0,0,18,0
timeout,Data Mining,Data Mining,2023/04/06 08:11 AM,,,8.02,137,0,0,0,18,0
timing2,Data Mining,Data Mining,2023/06/05 10:11 AM,"timing2
",,0.31,185,0,0,0,18,0
timing3,Data Mining,Data Mining,2023/06/06 06:16 AM,timing3,,0.1,83,0,0,0,18,0
timing4,Data Mining,Data Mining,2023/06/06 08:05 AM,timing4,,0.1,65,0,0,0,18,0
timing_1,Data Mining,Data Mining,2023/06/01 12:56 PM,timing_1,,0.1,61,0,0,0,18,0
transperfect 8,Deleted,Deleted,2021/05/10 07:53 AM,transperfect 8,,0,0,0,0,0,18,0
Truthdata Project Check Cypress - Dont use this rgblo,Data Mining,Data Mining,2024/06/05 08:55 AM,Cypress project - this project is used for cypress automation - Dont use this - Dont delete rgblo,pocrgblo,0,0,0,0,0,18,0
updated Cypress(Dont use this),Data Mining,Data Mining,2021/09/06 09:21 AM,updated Cypress project,updated poc,0,0,0,0,0,18,0
upload sharefile ,Data Mining,Data Mining,2023/08/20 09:50 PM,,,0.04,20332,0,2,2,18,0
Upload Test,Data Mining,Data Mining,2023/01/11 11:47 PM,,,0,0,0,0,0,18,0
upload test issue,Data Mining,Data Mining,2024/03/14 06:53 AM,,,0.08,394,0,0,0,18,0
upload testing @ishwari,Data Mining,Data Mining,2022/06/28 07:06 AM,,,0,0,0,0,0,18,0
upload_test,Data Mining,Data Mining,2023/11/29 06:13 AM,,,0,10145,0,0,0,18,0
upload_test 7,Data Mining,Data Mining,2023/12/12 12:14 PM,,,0,0,0,0,0,18,0
upload_test1,Data Mining,Data Mining,2023/11/29 06:17 AM,,,0,10145,0,10,10,18,0
uploadLoad,Deleted,Deleted,2021/05/10 07:11 AM,,,0,0,0,0,0,18,0
UploadTest,Deleted,Deleted,2021/05/14 07:31 AM,,,0,0,0,0,0,18,0
UploadTest,Deleted,Deleted,2021/04/27 12:58 PM,,,0,0,0,0,0,18,0
uploadtest 3,Data Mining,Data Mining,2022/08/30 08:20 AM,uploadtest 3,,0,0,0,0,0,18,0
Uploadtest-50gb,Data Mining,Data Mining,2022/08/26 05:53 AM,,,0,0,0,0,0,18,0
uploadtest2,Data Mining,Data Mining,2022/08/26 09:30 AM,,,0,0,0,0,0,18,0
user last access test11vvgh,Data Mining,Data Mining,2022/08/12 06:19 AM,,,0,0,0,0,0,18,0
vb,Data Mining,Data Mining,2023/11/20 10:20 AM,,,0,0,0,0,0,18,0
Vhd Vmdk Vdi files project168i1,Data Mining,Data Mining,2023/01/19 01:06 PM,Cypress project,poc,0,0,0,0,0,18,0
Vhd Vmdk Vdi files projectcxbrz,Data Mining,Data Mining,2023/01/20 08:12 AM,Cypress project,poc,0,0,0,0,0,18,0
Vhd Vmdk Vdi files projectdortig,Data Mining,Data Mining,2023/01/23 12:06 PM,Cypress project,poc,0,0,0,0,0,18,0
Vhd Vmdk Vdi files projectsuis1,Data Mining,Data Mining,2023/01/23 12:18 PM,Cypress project,poc,0,0,0,0,0,18,0
view docs functionality (Don't Delete),Data Mining,Data Mining,2022/10/18 06:02 AM,Associated Entity functionalities,poc,0.02,75,0,0,0,18,0
vinod.kapade+pc@canwilltech.com,Data Mining,Data Mining,2022/09/21 07:09 AM,vinod.kapade+pc@canwilltech.com,,0,0,0,0,0,18,0
waruwrkyjer4w6j45jh3h,Data Mining,Data Mining,2023/01/06 03:23 PM,4w5j4jh45j,,0,0,0,0,0,18,0
wegwe,Deleted,Deleted,2021/02/18 10:33 AM,gweg,,0,0,0,0,0,18,0
wevew,Deleted,Deleted,2021/05/24 12:19 PM,vewve,,0,0,0,0,0,18,0
withbody_check,Data Mining,Data Mining,2022/12/30 08:05 AM,,,0,2,0,0,0,18,0
WithBodyCheck,Data Mining,Data Mining,2022/12/30 08:13 AM,,,0,6,0,0,0,18,0
WithEmailBody,Data Mining,Data Mining,2024/01/23 08:20 AM,,,0,3,0,0,0,18,0
WithOutEmailBody,Data Mining,Data Mining,2024/01/23 08:15 AM,,,0,2,0,0,0,18,0
wvbwb,Data Mining,Data Mining,2023/12/11 10:35 AM,wvbwb,,0,5,0,0,0,18,0
www,Data Mining,Data Mining,2023/01/12 10:36 AM,ww,,0,0,0,0,0,18,0
xdcx,Data Mining,Data Mining,2023/08/29 12:22 PM,,,0,0,0,0,0,18,0
ziptest,Data Mining,Data Mining,2023/05/10 06:40 AM,ziptest,,0,2,0,0,0,18,0
zkrish,Deleted,Deleted,2019/07/11 10:02 AM,zkrish,,0,0,0,0,0,18,0
